ลำดับ,รายการ,,รายละเอียด,จำนวน,ราคาต่อหน่วย,ราคา,ลิงก์,,,
1,บอร์ด GoGo-IoT มีคอนโทรลเลอร์ ESP32-C3 และเซนเซอร์อุณหภูมิความชื้น แสง ความกดอากาศ ความเร่ง,,"ใช้ชิป ESP32-C3 เป็นคอนโทรลเลอร์หลัก พร้อมเซนเซอร์วัดค่าทางกายภาพครบครัน เหมาะสำหรับงานศึกษาและโครงงาน IoT ขนาดเล็ก 
การเชื่อมต่อไร้สาย: รองรับ Wi-Fi และ Bluetooth (BLE) ในตัว
เซนเซอร์ออนบอร์ด: วัดอุณหภูมิ, ความชื้น, แสง, ความกดอากาศ และความเร่ง",120,900,"108,000.00",https://jlcpcb.com (ทีมงานมช.จะส่งไฟล์วงจรให้อัปโหลด และตอนของส่งมาถึงไทย จะมีอีเมลแจ้งให้เคลียร์ค่าศุลกากร),,,
2,"บอร์ดไอโอที มีคอนโทรลเลอร์ ESP32-C3 (nodemcu form factor)


",,,120,,,,,,
3,"ถ่านชาร์จลิเธียมไอออน 18650





",,ถ่านชาร์จPanasonic แบตเตอรี่ 18650 3.7V 3400mAh ถ่านโซล่าเซล แบตเตอรี่ลิเธียม หัวแบน ถ่านชาร์จคุณภาพสูง Li-ion Battery ขนาด: 65 มม. x 18 มม. (ความยาว x เส้นผ่านศูนย์กลาง) วงจรท้ายใช้ป้องกันการใช้แรงดันไฟฟ้าสูงสุด 4.2 V และเหลือแรงดันไฟฟ้าต่ำสุด 2.5 V เพื่อป้องกัันความเสียหายกับแบตเตอรี่คุณลักษณะของแบบ Li-Ion (ลิเธียม ไอออน)- สภาวะปกติ แรงดันไฟฟ้าจะอยู่ที่ 3.7 V,120,80,"9,600.00",https://shopee.co.th/product/1233808908/54706733848?gads_t_sig=gqRjZGVrxHCFomtpsTE0MjUxOnRzc19zZGtfa2V5omt20QABpGFsZ2_SAAAAZKNkZWvAomN0xEAAAAAMHJtu46N4YL1ETOwWAbpdPCpoOnQDXHQJ5OvtcN0M_eDbRA41r_846ydnLzTRf_samdRHEh2GSlumtjiKqmNpcGhlcnRleHTEcwAAAAyzlMsXg6ZNCnSHjagTKEhL0qq627eCQPE2i65kTHgr3pk4_4UBSWmtmdfkYJKyH2ZRIAjnONMwi5n22gf6tic9WPneG0NyenR34FpE5QXYwvOICCgtfzQJp57PsVZ91QoGc_OfE6WAN81UEGTayaY&gad_source=1&gad_campaignid=23984614920&gbraid=0AAAAADPpYO3u9P9C56eGC9llp1Y0kDlvF&gclid=CjwKCAjwvsvTBhBaEiwAmf-3npcEqvBVe2tBWKnB1qMtJikEfwZIIaVvFiY_uFOUfRod6RkAhTRCbhoCDwAQAvD_BwE,,,
4,"แผงโซลาร์เซล 12 V 15 W 30x35 cm



","









","Specification:￠12v15W
-Model: SZ-Solar module-12v-15W
-Type: single crystal
-Maximum power output (Pm): 15w
-Maximum operating voltage (Vmp): 12V
-Maximum power current (Imp): 1.25A
-Open circuit voltage (Voc): 15.6V
-Short circuit current (Isc): 1.37A
-Maximum system voltage: 1000V
-Size: 290 mm x 350 mm",120,169,"20,280.00",https://shopee.co.th/%E0%B9%81%E0%B8%9C%E0%B8%87%E0%B9%82%E0%B8%8B%E0%B8%A5%E0%B9%88%E0%B8%B2%E0%B9%80%E0%B8%8B%E0%B8%A5%E0%B8%A5%E0%B9%8C+monocrystalline+solar+cell+%E0%B9%82%E0%B8%A1%E0%B9%82%E0%B8%99+12V-18V+10W-15W-20W-30W-50W+%E0%B8%81%E0%B8%B1%E0%B8%99%E0%B8%99%E0%B9%89%E0%B8%B3+Polycrystalline-i.485373105.26891346567/?smtt=580.194939865.7&stm_medium=referral&stm_source=rw&uls_trackid=56aejdhm02m4,,,
5,"ตัวควบคุมการชาร์จแบบ PWM 12 V 10 A มี USB output






",,"หมายเหตุ: ตัวควบคุมนี้เหมาะสำหรับแบตเตอรี่ตะกั่วกรดต่างๆ (รวมถึงช่องเปิด ซีล เจล ฯลฯ) โปรดอย่าใช้เพื่อชาร์จแบตเตอรี่อื่นๆ (รวมถึงแบตเตอรี่ลิเธียม แบตเตอรี่นิกเกิล-เมทัลไฮไดรด์ ฯลฯ)

คำอธิบาย:
หน้าจอ LCD ช่วยให้คุณทราบสถานะและข้อมูล คุณยังสามารถสลับโหมดและการกำหนดค่าพารามิเตอร์ได้อย่างง่ายดาย และคุณสามารถใช้คอนโทรลเลอร์ในสถานที่ต่างๆ เช่น บ้าน อุตสาหกรรม และธุรกิจ การป้องกันกระแสเกินในตัว, การป้องกันไฟฟ้าลัดวงจร, การป้องกันขั้วย้อนกลับ, การป้องกันวงจรเปิด, การกู้คืนอัตโนมัติ และไม่มีความเสียหายต่อคอนโทรลเลอร์ ให้การป้องกันที่เชื่อถือได้สำหรับอุปกรณ์ของคุณ

*ลำดับย้อนกลับมีผลเมื่อถอนการติดตั้ง!
*ลำดับที่ไม่เหมาะสมอาจทำให้คอนโทรลเลอร์เสียหายได้!
* แรงดันไฟฟ้าสีแดงทั้งหมด X2 ขณะใช้ระบบ 24V
* ตัวควบคุมพลังงานแสงอาทิตย์นี้ไม่กันน้ำ โปรดติดตั้งในร่มหรือกลางสายฝน

ข้อมูลจำเพาะ:
คอนโทรลเลอร์ไมโครอุตสาหกรรมที่สร้างขึ้น
การตั้งค่าปุ่มเดียว, จอแสดงผลแบบดิจิตอล, ฟังก์ชันหน่วยความจำอัตโนมัติ
จัดการค่าใช้จ่ายPWM ได้ 4 ขั้นตอน
ป้องกันการลัดวงจรในตัวการป้องกันวงจรเปิดการป้องกันแบบย้อนกลับการป้องกันการโหลดเกิน
การป้องกันกระแสไฟฟ้าย้อนกลับแบบDual mosfet การผลิตความร้อนต่ำ
ด้วยระบบจับเวลาและเซ็นเซอร์แสงระบบนี้สามารถใช้งานได้กับระบบแสงจากแสงอาทิตย์

การเชื่อมต่อระบบ:
1. ต่อแบตเตอรี่กับตัวปรับประจุ - บวกและลบ จะแสดงเป็น 1 หากตรวจพบแบตเตอรี่ 12V 2 หากตรวจพบแบตเตอรี่ 24V
2. เชื่อมต่อแผงเซลล์แสงอาทิตย์กับตัวควบคุม - บวกและลบ
3. เชื่อมต่อผู้บริโภคเข้ากับตัวควบคุมการประจุ - บวกและลบ
4. คำสั่งย้อนกลับจะใช้เมื่อทำการถอนการติดตั้ง คำสั่งลำดับที่ไม่เหมาะสมอาจทำให้ตัวควบคุมเสียหายได้!

คำแนะนำเพื่อความปลอดภัย:
1. ตรวจสอบให้แน่ใจว่าแบตเตอรี่ของคุณมีแรงดันไฟฟ้าเพียงพอสำหรับตัวควบคุมเพื่อรับรู้ชนิดของแบตเตอรี่ก่อนการติดตั้งครั้งแรก
2. สายแบตเตอรี่ควรสั้นที่สุดเพื่อลดความสูญเสีย
3. ตัวควบคุมเหมาะสำหรับแบตเตอรี่กรดตะกั่วเท่านั้น: ไม่เหมาะสำหรับนิกเกิลโลหะไฮไดรด์ไอออนลิเธียมหรือแบตเตอรี่ชนิดอื่น ๆ
4. ตัวควบคุมการประจุจะเหมาะสำหรับการควบคุมโมดูลแสงอาทิตย์เท่านั้น อย่าเชื่อมต่อแหล่งจ่ายไฟอื่นกับตัวควบคุมการประจุไฟ

แอพลิเคชัน: ควบคุมระบบพลังงานแสงอาทิตย์
ปัจจุบัน: 60A/30A/20A/10A
ตัวควบคุมไมโครอุตสาหกรรมแบบ Build-in.
การตั้งค่าหนึ่งปุ่ม
จอแสดงผลดิจิตอล
การจัดการค่าใช้จ่าย PWM 3ขั้นตอนอย่างเต็มที่
Build-in ป้องกันการลัดวงจร, การป้องกันวงจรเปิด, การป้องกันย้อนกลับ, การป้องกันมากกว่าโหลด
การป้องกันกระแสไฟย้อนกลับแบบคู่ MOS

มีตัวเลือกรุ่น 10A 20A 30A 60A:

10A:
ถ้าแบตเตอรี่ของคุณเป็น 12V อินพุตแผงโซลาร์เซลล์สูงสุดคือ 25V 120W
ถ้าแบตเตอรี่ของคุณเป็น 24V อินพุตแผงโซลาร์เซลล์สูงสุดคือ 50V 240W",120,100,"12,000.00",https://shopee.co.th/Solar+charger+30A-60A-100A+PWM+%E0%B8%AD%E0%B8%B8%E0%B8%9B%E0%B8%81%E0%B8%A3%E0%B8%93%E0%B9%8C%E0%B8%84%E0%B8%A7%E0%B8%9A%E0%B8%84%E0%B8%B8%E0%B8%A1%E0%B9%81%E0%B8%9C%E0%B8%87%E0%B9%82%E0%B8%8B%E0%B8%A5%E0%B9%88%E0%B8%B2+%E0%B9%82%E0%B8%8B%E0%B8%A5%E0%B9%88%E0%B8%B2%E0%B8%8A%E0%B8%B2%E0%B8%A3%E0%B9%8C%E0%B9%80%E0%B8%88%E0%B8%AD%E0%B8%A3%E0%B9%8C+%E0%B8%88%E0%B8%AD%E0%B9%81%E0%B8%AA%E0%B8%94%E0%B8%87%E0%B8%9C%E0%B8%A5+LCD+%E0%B8%8A%E0%B8%B2%E0%B8%A3%E0%B9%8C%E0%B8%88%E0%B9%80%E0%B8%88%E0%B8%AD%E0%B8%A3%E0%B9%8C+%E0%B9%82%E0%B8%8B%E0%B8%A5%E0%B9%88%E0%B8%B2%E0%B8%8A%E0%B8%B2%E0%B8%A3%E0%B9%8C%E0%B8%88%E0%B8%84%E0%B8%AD%E0%B8%99%E0%B9%82%E0%B8%97%E0%B8%A3%E0%B8%A5%E0%B9%80%E0%B8%A5%E0%B8%AD%E0%B8%A3%E0%B9%8C-i.1369171602.25437108930/?smtt=580.194939865.7&stm_medium=referral&stm_source=rw&uls_trackid=56ag341u00ig,,,
6,"สายไฟ2 เส้น ยาว 1 ม.พร้อมเข้าหัว 2 ด้าน






",,"สายไฟแบบมีปากคีบจระเข้ Alligator Clip จำนวน 10 เส้น

เพื่อง่ายต่อการต่อและถอดสายไฟ

เหมาะสำหรับการทดลอง ทดสอบ ทางไฟฟ้า

เหมาะสำหรับช่างไฟฟ้า ช่างอิเล็กทรอนิกส์ และช่างทั่วไป

ความยาวรวมปากคีบ ประมาณ 40-50 ซม.

สีแดง 2 เส้น

สีขาว 2 เส้น

สีดำ 2 เส้น

สีเขียว 2 เส้น

สีเหลือง 2 เส้น",120,78,"9,360.00",https://shopee.co.th/Alligator-Clip-%E0%B8%AA%E0%B8%B2%E0%B8%A2%E0%B9%84%E0%B8%9F%E0%B8%9B%E0%B8%B2%E0%B8%81%E0%B8%88%E0%B8%A3%E0%B8%B0%E0%B9%80%E0%B8%82%E0%B9%89-%E0%B8%AA%E0%B8%B2%E0%B8%A2%E0%B9%84%E0%B8%9F%E0%B8%9B%E0%B8%B2%E0%B8%81%E0%B8%AB%E0%B8%99%E0%B8%B5%E0%B8%9A-%E0%B8%AA%E0%B8%B2%E0%B8%A2%E0%B9%84%E0%B8%9F%E0%B8%9B%E0%B8%B2%E0%B8%81%E0%B8%84%E0%B8%B5%E0%B8%9A-%E0%B8%9B%E0%B8%B2%E0%B8%81%E0%B8%84%E0%B8%B5%E0%B8%9A-%E0%B8%84%E0%B8%A5%E0%B8%B0%E0%B8%AA%E0%B8%B5-10-%E0%B9%80%E0%B8%AA%E0%B9%89%E0%B8%99-i.278334363.6640536918,,,
7,"บอร์ด relay esp32-c6-relay-x1-v1.1






",,"คุณสมบัติของสินค้าคือ 
1. การเชื่อมต่อไร้สายที่ทรงพลัง: รองรับ Wi Fi 6 และ BT 5.3 เพื่อให้สื่อสาร IoT ได้อย่างมีประสิทธิภาพ 
2. แหล่งจ่ายไฟแรงดันไฟฟ้ากว้าง: รองรับแหล่งจ่ายไฟ DC 7-60V หรือ TYPE-C 5V เหมาะสำหรับสถานการณ์การใช้งานต่างๆและมีความยืดหยุ่นในการใช้งานมากขึ้น 
3. โปรเซสเซอร์ประสิทธิภาพสูง: สถาปัตยกรรม RISC-V แบบ Dual core 32 บิตพร้อมความเร็วนาฬิกาสูงถึง 160MHz ให้ประสิทธิภาพการคำนวณที่ยอดเยี่ยม 
4. อินเทอร์เฟซอุปกรณ์ต่อพ่วงที่หลากหลาย: GPIO ที่ตั้งโปรแกรมได้ 30 รายการรองรับโปรโตคอลเช่น SPI, UART, I2C เป็นต้นพร้อมความสามารถในการปรับขนาดที่แข็งแกร่ง 
5. เซ็นเซอร์ในตัว: รวมกับ ADC 12 บิตและเซ็นเซอร์อุณหภูมิสะดวกสำหรับการตรวจสอบและควบคุมสิ่งแวดล้อมทำให้กระบวนการพัฒนาง่ายขึ้น
การแนะนำผลิตภัณฑ์: 
บอร์ดพัฒนารีเลย์เดี่ยว ESP32-C6Relay_X1 เป็นบอร์ดพัฒนาโดยมีโมดูล ESP32-C6 พอร์ต V / 0 ทั้งหมดเชื่อมต่อกันอย่างสมบูรณ์และรองรับโหมดแหล่งจ่ายไฟ DC5-60V มันมาพร้อมกับปุ่มที่ตั้งโปรแกรมได้ไฟ LED และรีเลย์บนเครื่องทำให้นักพัฒนาสามารถตรวจสอบและพัฒนาต้นแบบได้อย่างรวดเร็วและนำความเป็นไปได้มากขึ้นไปยังสถานการณ์การควบคุม IoT 
Esp32-c6 เป็น SoC เครื่องแรกที่รองรับ Wi Fi 6 รวมโปรโตคอล 2.4GHz Wi Fi 6, BT 5 (LE) และ 802.15.4 ให้ประสิทธิภาพ RF ชั้นนำของอุตสาหกรรมกลไกความปลอดภัยที่ครอบคลุมและทรัพยากรหน่วยความจำมากมายสำหรับ IoT ตัวช่วยดีๆ เพื่อการดูแลที่ยาวนานของคุณ ช้อปสินค้าคุณภาพจากที่คุณไว้วางใจ ด้วยราคาที่คุณชื่นชอบ สินค้าได้รับการออกให้ได้มาตรฐาน มีความทนทาน คุ้มค่าต่อการใช้งาน คุณสามารถเลือกซื้อสินค้าได้ตามไลฟ์สไตล์ที่คุณชื่นชอบ และเหมาะสมกับการใช้งานที่หลากหลายตามความต้องการในราคาโดนใจ ได้ที่ Powerbuy โปรเซสเซอร์ RISC-V แบบ 32 บิตในตัว ถูกสร้างขึ้นในโปรเซสเซอร์ RISC-V แบบ 32 บิตสองตัวตัวตัวหนึ่งคือโปรเซสเซอร์ประสิทธิภาพสูง (HP) ที่มีความเร็วนาฬิกาสูงถึง 160MHz และอีกตัวคือโปรเซสเซอร์ RISC-V 32 บิตกำลังต่ำ ด้วย ชิปยังติดตั้ง SRAM, ROM 320KB และแฟลช 4MB ทำให้มีพื้นที่ในการเขียนโปรแกรมมากขึ้นและมีความเป็นไปได้มากขึ้นสำหรับสถานการณ์การควบคุม IoT 
พิน GPIO ที่ตั้งโปรแกรมได้ 30 (QFN40) รองรับ SPI UART、 I2C、 I2S、 RMT、 TWAI、 PWM、 มอเตอร์ควบคุม PWM และ SDIO นอกจากนี้ยังรวม ADC 12 บิตและเซ็นเซอร์อุณหภูมิ 
การเชื่อมต่อไร้สายที่ดีขึ้น ESP32-C6 ส่วนใหญ่รองรับ Matter เนื่องจากการเชื่อมต่อไร้สายที่ดีขึ้น กองโปรโตคอลไร้สายรองรับ 2.4GHz WiFi 6, BT @ 5.3 Zigbee และเธรด (802.15.4) 。กองโปรโตคอลไร้สายรองรับ 2.4GHz WiFi 6, BT @ 5.3 The Zigbee และเธรด (802.15.4) 。 อุปกรณ์ที่รองรับด้ายแรกเหมาะอย่างยิ่งสำหรับการสร้างโครงการที่เป็นไปตามมาตรฐานที่สำคัญทำให้สามารถทำงานร่วมกันระหว่างอุปกรณ์สมาร์ทโฮมได้
พารามิเตอร์ผลิตภัณฑ์: 
โหมดแหล่งจ่ายไฟ: รองรับ DC7-60V หรือ TYPE-C 5V (เลือกหนึ่ง) 
โมดูลโมดูล: ESP32-C6 
แรงดันไฟฟ้าที่ใช้งานได้: รีเลย์ 1 5V ของออนบอร์ด, สัญญาณสวิตช์เอาต์พุต, เหมาะสำหรับการควบคุมโหลดด้วยแรงดันไฟฟ้าที่ใช้งานได้ต่ำกว่า AC250V / DC30V 
หน่วยประมวลผล: รวมกับโปรเซสเซอร์ RISC-V 32 บิตสองตัวโปรเซสเซอร์ประสิทธิภาพสูงมีความเร็วนาฬิกาสูงถึง 160MHz และโปรเซสเซอร์พลังงานต่ำมีความเร็วนาฬิกาสูงถึง 20MHz 
1.5 มม. * 53.7 มม. ขนาด: 57.5 มม. * 53.7 มม 
เส้นผ่านศูนย์กลางรูตำแหน่ง: 3 มม.
รายการสินค้า: 
1. โมดูลรีเลย์เดี่ยว ESP32-C6 X1 
เข็มแถวคู่ X2.8P 
เข็มแถวเดียว 3.5P X1",120,495,"59,400.00",shopee,,,
8,"ปั๊มตู้ปลา 12 V









",,"**ปั๊มน้ำแบบแช่ AC 220V ( ปั๊มตู้ปลา ปั๊มดูดปุ๋ย) รุ่น HJ-531**

* ปั๊มน้ำตู้ปลาแบบแช่ 220V ขนาด 5.0 x 4.0 x 3.6 cm.
* ปั๊มน้ำตู้ปลาแบบแช่ 220V ปั๊มน้ำสามารถจุ่มในน้ำ
* ปั๊มน้ำตู้ปลาแบบแช่ 220V ใช้ถ่ายเทน้ำจากตู้ปลาหนึ่งไปยังอีกตู้ปลาหนึ่ง  หรือใช้ดูดน้ำได้
* ปั๊มน้ำตู้ปลาแบบแช่ 220V ใช้ดูดน้ำยาปุ๋ย , ใช้ดูดปุ๋ย A และ B สำหรับผักไฮโดรโปรนิคส์ได้
* ปั๊มน้ำตู้ปลาแบบแช่ 220V สามารถปรับความเร็วของน้ำได้
* ปั๊มน้ำตู้ปลาแบบแช่ 220V ขนาด 3/8""

**คุณสมบัติปั๊มน้ำตู้ปลาแบบแช่ 220V**

* ปั๊มน้ำตู้ปลาแบบแช่ 220V แรงดันไฟฟ้า : 220-240 V / 50Hz
* ปั๊มน้ำตู้ปลาแบบแช่ 220V กระแส : 0.02A
* ปั๊มน้ำตู้ปลาแบบแช่ 220V กำลังไฟฟ้าสูงสุด : 5W
* ปั๊มน้ำตู้ปลาแบบแช่ 220V สายไฟยาว : 1 เมตร
* ปั๊มน้ำตู้ปลาแบบแช่ 220V อัตราการไหล : 350 ลิตร/ชั่วโมง
* ปั๊มน้ำตู้ปลาแบบแช่ 220V ขนาด : 60 x 42 x 40 mm.
* ปั๊มน้ำตู้ปลาแบบแช่ 220V ส่งสูงสุด : 60 cm. ( เมื่อเลื่อนไปที่ศูนย์ ) สามารถหมุนปรับความเร็วได้",120,150,"18,000.00",https://www.thaiwatersystem.com/product/468/06-hj-531-220v-%E0%B8%9B%E0%B8%B1%E0%B9%8A%E0%B8%A1%E0%B8%99%E0%B9%89%E0%B8%B3%E0%B9%81%E0%B8%9A%E0%B8%9A%E0%B9%81%E0%B8%8A%E0%B9%88-%E0%B9%81%E0%B8%9A%E0%B8%9A%E0%B8%88%E0%B8%B8%E0%B9%88%E0%B8%A1-%E0%B8%9B%E0%B8%B1%E0%B9%8A%E0%B8%A1%E0%B8%95%E0%B8%B9%E0%B9%89%E0%B8%9B%E0%B8%A5%E0%B8%B2-%E0%B8%9A%E0%B9%88%E0%B8%AD%E0%B8%9B%E0%B8%A5%E0%B8%B2-%E0%B8%9B%E0%B8%B1%E0%B9%8A%E0%B8%A1%E0%B8%94%E0%B8%B9%E0%B8%94%E0%B8%9B%E0%B8%B8%E0%B9%8B%E0%B8%A2-%E0%B8%9B%E0%B8%B1%E0%B9%8A%E0%B8%A1%E0%B8%99%E0%B9%89%E0%B8%B3%E0%B8%9E%E0%B8%B8-ac220v-%E0%B8%AD%E0%B8%B1%E0%B8%95%E0%B8%A3%E0%B8%B2-350-%E0%B8%A5%E0%B8%B4%E0%B8%95%E0%B8%A3-%E0%B8%8A,,,
9,"adapter ไฟบ้านเป็น 12 V ใช้จ่ายไฟให้ปั๊มตู้ปลา










",,"รายละเอียดสินค้า
- Input : 100~240V-0.9A,50/60HZ
- Output : 12V=3A (รุ่น GAC12-3)
- Output : 12V=2A (รุ่น GAC12-2)
- Output : 12V=1A (รุ่น GAC12-1)
- 2 Round Pin Tisi Plug
- Cable Length : 100cm
- DC 5.5 x 2.5 mm

รับประกันสินค้า 2 ปี",120,66,"7,920.00",shopee,,,
10,"หัวแปลงสาย สำหรับเชื่อมต่อไฟ 12v เข้ากับปั๊มตู้ปลา ผ่าน relay










",,"DC Jack Terminal Female (ขนาดมาตรฐาน 5.5 x 2.1 mm)
สำหรับเสียบกับอะแดปเตอร์จ่ายไฟ 12V",120,20,"2,400.00",shopee,,,
11,"รางปลั๊กไฟ 4 ช่อง สายยาว 10 เมตร 






",,• ปลั๊กไฟมาตรฐานมอก.2432-2555 • รองรับแรงดันไฟฟ้า 250 โวลท์ ทนกระแสไฟฟ้า 10 แอมแปร์/2300 วัตต์ • ป้องกันกระแสไฟฟ้าเกินหรือลัดวงจรด้วยเบรคเกอร์ มาตรฐาน IEC 60934 • สวิตซ์ควบคุมการปิดเปิดของการจ่ายกระแสไฟฟ้า • ใช้วัสดุไม่ลามไฟทนความร้อนสูง • เต้ารับมีม่านนิรภัยเพิ่มความปลอดภัย • สายไฟ VCT 3x1.00 Sq.mm.มาตรฐาน มอก. 11 เล่ม 5-2553 ข้อควรระวัง • ห้ามใช้กระแสไฟฟ้าเกินกว่าที่กำหนด • อย่าวางปลั๊กไว้ในที่เปียกชื้นหรือเก็บไว้ในที่มีความร้อนสูง • ห้ามดัดแปลงแก้ไขสินค้า,100,499,"49,900.00",https://www.ofm.co.th/product/%E0%B8%A3%E0%B8%B2%E0%B8%87%E0%B8%9B%E0%B8%A5%E0%B8%B1%E0%B9%8A%E0%B8%81%E0%B9%84%E0%B8%9F-%E0%B8%A1%E0%B8%AD%E0%B8%81-4%E0%B8%8A%E0%B9%88%E0%B8%AD%E0%B8%87-10%E0%B9%80%E0%B8%A1%E0%B8%95%E0%B8%A3-csc-am541-10m-p.YA16837,,,
12,"float switch เล็ก










",,Float Switch สวิทซ์ลูกลอย XSL-5210-P / DPPI-31A ขนาด 43MM / ขนาด 52MM,120,48,"5,760.00",Shopee,,,
13,"adapter ต่อ float switch แปลงให้เป็นหัว grove เพื่อต่อกับบอร์ด GoGo-IoT



",ยังไม่มีภาพ,,120,30,"3,600.00",custom,,,
14,"สาย Grove



","









",สายจั้ม Grove ยาว 20 เซ็น สำหรับ M5Stack micro:bit seeed,120,35,"4,200.00",Shopee,,,
15,"สาย USB type A to Type C - 1 m



","








",UGREEN 3A USB C Fast Charge & Data Cable สายชาร์จ Type C รุ่น US287 ยาว 25ซม - 3 เมตร สำหรับมือถือที่ใช้ Type C,120,79,"9,480.00",Shopee,,, 
,,,,,,"319,900.00",,,,
,อุปกรณ์เพิ่มเติม 13 ก.ย.,,,,,,,,,
16,ไฟ LED ,"









",ไฟโมดูล 20ชิ้น ไฟLED โมดูล Full color RGB 12V LED Module led Lighting สำหรับติดป้ายไฟ กันน้ำ IP65,120,3.08,369.60,shopee (6500K),,,
17,สายไฟดำ-แดง 50M 2x0.3,"









",สายไฟ 0.3 สายไฟดำแดง 12 / 24 V สายไฟดำแดง,1,469,469.00,Shopee,,,
18,เต๋าต่อสายไฟ หนีบขั้วตัวเชื่อม ,"









",เต๋าต่อสายไฟ หนีบขั้วตัวเชื่อม แบบกดเสียบ สแตนเลส ตัวเชื่อมสายไฟ ใช้กับสายไฟ 1-6 Sqmm. 6A 220V CH-2,240,0.93,223.20,Shopee,,,
19,เซ็นเซอร์วัดความชื้นดิน,,,120,35,"4,200.00",Shopee,ไม่ได้ใช้แล้ว,,
20,สายต่อวงจร ผู้-ผู้ 20 ซม 40 เส้น,"









",สายต่อวงจร Jumper male to male(ตัวผู้-ตัวผู้) ยาว 20 CM จำนวน 40 เส้น,18,24,432.00,Shopee,,,
21,ไขควงวัดไฟ,"









","ไขควงลองไฟ ด้ามจับพลาสติกใสทนทาน: ผลิตจากพลาสติกเกรดพรีเมียมสีเหลืองที่ทนทานต่อแรงกระแทกและเป็นฉนวนไฟฟ้า
- ตรวจสอบไฟได้ถึง 500V: รองรับแรงดันไฟฟ้าสลับ (AC) ตั้งแต่ 100 ถึง 500 โวลต์",120,19,"2,280.00",Shopee,,,
22,Flint 2 wifi router,"









",,2,8000,"16,000.00",Shopee,AliExpress,-ขนาดของลวดนำไฟฟ้าเป็นทองแดงแท้,
,รางถ่าน,,,,,,,,,