filepath,crop,raw_label,label_name,filename,filesize,label_id
leaf workshop/MANGO/Green mango/-3_jpg.rf.67d0b875b9ddd31105315ae85ccb32c1.jpg,mango,Green mango,Green mango,-3_jpg.rf.67d0b875b9ddd31105315ae85ccb32c1.jpg,22624,0
leaf workshop/MANGO/Green mango/WIN_20230323_14_30_59_Pro_jpg.rf.096f6ae20b18abd3020e1e02fbdeed1f.jpg,mango,Green mango,Green mango,WIN_20230323_14_30_59_Pro_jpg.rf.096f6ae20b18abd3020e1e02fbdeed1f.jpg,22313,0
leaf workshop/MANGO/Yellow mango/20230305_052218039_iOS_jpg.rf.463dd241ad580b057a376c986853309b.jpg,mango,Yellow mango,Yellow mango,20230305_052218039_iOS_jpg.rf.463dd241ad580b057a376c986853309b.jpg,21731,2
leaf workshop/MANGO/Rotten Mango/20230305_061206844_iOS_jpg.rf.d5912467a1865c20c5cac1b1615046bb.jpg,mango,Rotten Mango,Rotten Mango,20230305_061206844_iOS_jpg.rf.d5912467a1865c20c5cac1b1615046bb.jpg,24539,1
leaf workshop/MANGO/Rotten Mango/20230305_061203751_iOS_jpg.rf.2525ddce4153d50b36cf904b2b63ee8f.jpg,mango,Rotten Mango,Rotten Mango,20230305_061203751_iOS_jpg.rf.2525ddce4153d50b36cf904b2b63ee8f.jpg,26993,1
leaf workshop/MANGO/Yellow mango/20230305_052136425_iOS_jpg.rf.d159da951877f2aeb53c6cf0a2fa85a4.jpg,mango,Yellow mango,Yellow mango,20230305_052136425_iOS_jpg.rf.d159da951877f2aeb53c6cf0a2fa85a4.jpg,19888,2
leaf workshop/MANGO/Rotten Mango/14-2-Copy_png_jpg.rf.9c44419f55a9ef6a33002dec6355ba58.jpg,mango,Rotten Mango,Rotten Mango,14-2-Copy_png_jpg.rf.9c44419f55a9ef6a33002dec6355ba58.jpg,20526,1
leaf workshop/MANGO/Rotten Mango/-4_jpg.rf.0b2d1c802956fc5680b4abb90110176f.jpg,mango,Rotten Mango,Rotten Mango,-4_jpg.rf.0b2d1c802956fc5680b4abb90110176f.jpg,33625,1
leaf workshop/MANGO/Rotten Mango/20230305_052301035_iOS_jpg.rf.4c72bcb0ccd7f6dd70f159be1fb03b59.jpg,mango,Rotten Mango,Rotten Mango,20230305_052301035_iOS_jpg.rf.4c72bcb0ccd7f6dd70f159be1fb03b59.jpg,21999,1
leaf workshop/MANGO/Yellow mango/20230305_052042825_iOS_jpg.rf.6a08bc22b7e7a60cdf6499bb2ec67951.jpg,mango,Yellow mango,Yellow mango,20230305_052042825_iOS_jpg.rf.6a08bc22b7e7a60cdf6499bb2ec67951.jpg,20526,2
leaf workshop/MANGO/Rotten Mango/20230305_062109619_iOS_jpg.rf.16777f23972a775cf14bf1f3dc5d5423.jpg,mango,Rotten Mango,Rotten Mango,20230305_062109619_iOS_jpg.rf.16777f23972a775cf14bf1f3dc5d5423.jpg,23734,1
leaf workshop/MANGO/Yellow mango/20230305_052208801_iOS_jpg.rf.a61838b4bf771e407f65421e5dd410ae.jpg,mango,Yellow mango,Yellow mango,20230305_052208801_iOS_jpg.rf.a61838b4bf771e407f65421e5dd410ae.jpg,22048,2
leaf workshop/MANGO/Green mango/WIN_20230323_14_11_36_Pro_jpg.rf.cfcec13e87230d0966fa7b143f62556b.jpg,mango,Green mango,Green mango,WIN_20230323_14_11_36_Pro_jpg.rf.cfcec13e87230d0966fa7b143f62556b.jpg,23804,0
leaf workshop/MANGO/Green mango/IMG_102_jpg.rf.8a8bacc84051d134bdf6cc7199dd2bde.jpg,mango,Green mango,Green mango,IMG_102_jpg.rf.8a8bacc84051d134bdf6cc7199dd2bde.jpg,16541,0
leaf workshop/MANGO/Yellow mango/20230305_052215902_iOS_jpg.rf.b55357d75947405573fdacbc5abcc10c.jpg,mango,Yellow mango,Yellow mango,20230305_052215902_iOS_jpg.rf.b55357d75947405573fdacbc5abcc10c.jpg,21043,2
leaf workshop/MANGO/Rotten Mango/13-2-Copy-2-Copy_jpg.rf.8a865aad9fb564f6159316ef38473f58.jpg,mango,Rotten Mango,Rotten Mango,13-2-Copy-2-Copy_jpg.rf.8a865aad9fb564f6159316ef38473f58.jpg,19724,1
leaf workshop/MANGO/Rotten Mango/20230305_061238189_iOS_jpg.rf.8a28f583c0e8caf31446edd591d26d7f.jpg,mango,Rotten Mango,Rotten Mango,20230305_061238189_iOS_jpg.rf.8a28f583c0e8caf31446edd591d26d7f.jpg,22004,1
leaf workshop/MANGO/Rotten Mango/1223erf_jpg.rf.45ba98644e4bb7f4d861f69bbd6c7353.jpg,mango,Rotten Mango,Rotten Mango,1223erf_jpg.rf.45ba98644e4bb7f4d861f69bbd6c7353.jpg,48535,1
leaf workshop/MANGO/Green mango/WIN_20230323_14_20_30_Pro_jpg.rf.62c8b74d8d12909d544893953bc579f9.jpg,mango,Green mango,Green mango,WIN_20230323_14_20_30_Pro_jpg.rf.62c8b74d8d12909d544893953bc579f9.jpg,22713,0
leaf workshop/MANGO/Rotten Mango/13-9-Copy-2-2-_jpg.rf.25548b9e5be01b352c06d1d1d035fe62.jpg,mango,Rotten Mango,Rotten Mango,13-9-Copy-2-2-_jpg.rf.25548b9e5be01b352c06d1d1d035fe62.jpg,15458,1
leaf workshop/MANGO/Yellow mango/d4e83da71d56ea72f49721d7a38b077f_jpg.rf.da8eed4589dfbb3b1ffbbbb13decc220.jpg,mango,Yellow mango,Yellow mango,d4e83da71d56ea72f49721d7a38b077f_jpg.rf.da8eed4589dfbb3b1ffbbbb13decc220.jpg,38704,2
leaf workshop/MANGO/Green mango/WIN_20230323_14_33_54_Pro_jpg.rf.5e047ee1a140ddf5d9fd3eef8abf5510.jpg,mango,Green mango,Green mango,WIN_20230323_14_33_54_Pro_jpg.rf.5e047ee1a140ddf5d9fd3eef8abf5510.jpg,23885,0
leaf workshop/MANGO/Rotten Mango/20230305_061243438_iOS_jpg.rf.8463f99061949b83ba28fd9c46750b60.jpg,mango,Rotten Mango,Rotten Mango,20230305_061243438_iOS_jpg.rf.8463f99061949b83ba28fd9c46750b60.jpg,19273,1
leaf workshop/MANGO/Yellow mango/20230305_052208801_iOS_jpg.rf.4a544bc02ea36c2648b68fffbfd94a4b.jpg,mango,Yellow mango,Yellow mango,20230305_052208801_iOS_jpg.rf.4a544bc02ea36c2648b68fffbfd94a4b.jpg,22413,2
leaf workshop/MANGO/Rotten Mango/20230305_062113309_iOS_jpg.rf.d7a3763724c0c38fa9dfacad4f919710.jpg,mango,Rotten Mango,Rotten Mango,20230305_062113309_iOS_jpg.rf.d7a3763724c0c38fa9dfacad4f919710.jpg,20967,1
leaf workshop/MANGO/Green mango/WIN_20230323_14_44_03_Pro_jpg.rf.75fa3591d6da0283dbca087865d462e7.jpg,mango,Green mango,Green mango,WIN_20230323_14_44_03_Pro_jpg.rf.75fa3591d6da0283dbca087865d462e7.jpg,21067,0
leaf workshop/MANGO/Rotten Mango/20230305_062135304_iOS_jpg.rf.3da8644f94d8a5eaee25f01e45859d48.jpg,mango,Rotten Mango,Rotten Mango,20230305_062135304_iOS_jpg.rf.3da8644f94d8a5eaee25f01e45859d48.jpg,21823,1
leaf workshop/MANGO/Green mango/WIN_20230323_14_50_24_Pro_jpg.rf.ad3f6ff2a03afa011a2787843084515e.jpg,mango,Green mango,Green mango,WIN_20230323_14_50_24_Pro_jpg.rf.ad3f6ff2a03afa011a2787843084515e.jpg,23382,0
leaf workshop/MANGO/Rotten Mango/110_jpg.rf.ce42522ae389e34d02dc50ddabe78a1e.jpg,mango,Rotten Mango,Rotten Mango,110_jpg.rf.ce42522ae389e34d02dc50ddabe78a1e.jpg,11173,1
leaf workshop/MANGO/Green mango/IMG_151_jpg.rf.5840deb6d1740d36e95f1b7981c8efe0.jpg,mango,Green mango,Green mango,IMG_151_jpg.rf.5840deb6d1740d36e95f1b7981c8efe0.jpg,16116,0
leaf workshop/MANGO/Yellow mango/20230305_052029023_iOS_jpg.rf.5668bb8a86711d89f0d3c963c73884d6.jpg,mango,Yellow mango,Yellow mango,20230305_052029023_iOS_jpg.rf.5668bb8a86711d89f0d3c963c73884d6.jpg,20129,2
leaf workshop/MANGO/Yellow mango/20230305_052126707_iOS_jpg.rf.b30ab4091eb337ea5f2ef0c19dfe078f.jpg,mango,Yellow mango,Yellow mango,20230305_052126707_iOS_jpg.rf.b30ab4091eb337ea5f2ef0c19dfe078f.jpg,18995,2
leaf workshop/MANGO/Green mango/WIN_20230323_14_41_58_Pro_jpg.rf.744c33f8964ac5845376a5c5b12b6e6e.jpg,mango,Green mango,Green mango,WIN_20230323_14_41_58_Pro_jpg.rf.744c33f8964ac5845376a5c5b12b6e6e.jpg,22827,0
leaf workshop/MANGO/Yellow mango/-2_jpg.rf.f416e61399029f62235ed7157b6d60e2.jpg,mango,Yellow mango,Yellow mango,-2_jpg.rf.f416e61399029f62235ed7157b6d60e2.jpg,30890,2
leaf workshop/MANGO/Green mango/WIN_20230323_14_28_10_Pro_jpg.rf.b40d6d9799e66483c4999580f532cf12.jpg,mango,Green mango,Green mango,WIN_20230323_14_28_10_Pro_jpg.rf.b40d6d9799e66483c4999580f532cf12.jpg,21899,0
leaf workshop/MANGO/Rotten Mango/20230305_062102336_iOS_jpg.rf.968fe5fb265460fbf9af106441e19594.jpg,mango,Rotten Mango,Rotten Mango,20230305_062102336_iOS_jpg.rf.968fe5fb265460fbf9af106441e19594.jpg,23935,1
leaf workshop/MANGO/Green mango/IMG_155_jpg.rf.4acf07c34b87a37d96e945d1682dc446.jpg,mango,Green mango,Green mango,IMG_155_jpg.rf.4acf07c34b87a37d96e945d1682dc446.jpg,18434,0
leaf workshop/MANGO/Yellow mango/20230305_052140346_iOS_jpg.rf.1c85e3d5fee296c639a952a89eebd318.jpg,mango,Yellow mango,Yellow mango,20230305_052140346_iOS_jpg.rf.1c85e3d5fee296c639a952a89eebd318.jpg,19709,2
leaf workshop/MANGO/Green mango/IMG_20230116_105625_jpg.rf.669086c7fa70205d13c8d0a6f350ce79.jpg,mango,Green mango,Green mango,IMG_20230116_105625_jpg.rf.669086c7fa70205d13c8d0a6f350ce79.jpg,16607,0
leaf workshop/MANGO/Yellow mango/adb7aa846c03aa1d37d4e044213acc50_jpg.rf.93033ab541e52dda6a7653fea3639252.jpg,mango,Yellow mango,Yellow mango,adb7aa846c03aa1d37d4e044213acc50_jpg.rf.93033ab541e52dda6a7653fea3639252.jpg,22043,2
leaf workshop/MANGO/Green mango/IMG_140_jpg.rf.70cebd540566d992d4d0a027ad80fe5f.jpg,mango,Green mango,Green mango,IMG_140_jpg.rf.70cebd540566d992d4d0a027ad80fe5f.jpg,19084,0
leaf workshop/MANGO/Rotten Mango/141_jpg.rf.8a91417bef669144ba3a1f99de5e4a48.jpg,mango,Rotten Mango,Rotten Mango,141_jpg.rf.8a91417bef669144ba3a1f99de5e4a48.jpg,13246,1
leaf workshop/MANGO/Rotten Mango/d2ad59239a7f2e38da17b66c7c99dda22cbecd9d_jpeg_jpg.rf.0df66a1019bc53eea6d499d38f27cd13.jpg,mango,Rotten Mango,Rotten Mango,d2ad59239a7f2e38da17b66c7c99dda22cbecd9d_jpeg_jpg.rf.0df66a1019bc53eea6d499d38f27cd13.jpg,29287,1
leaf workshop/MANGO/Rotten Mango/17351997_1828554014084359_4386904991537166992_n_jpg.rf.6616a9fda22647dd3094387b1aeaeb9a.jpg,mango,Rotten Mango,Rotten Mango,17351997_1828554014084359_4386904991537166992_n_jpg.rf.6616a9fda22647dd3094387b1aeaeb9a.jpg,29934,1
leaf workshop/MANGO/Green mango/WIN_20230323_14_08_28_Pro_jpg.rf.e61b4d87f7a0538521df75b0743de18d.jpg,mango,Green mango,Green mango,WIN_20230323_14_08_28_Pro_jpg.rf.e61b4d87f7a0538521df75b0743de18d.jpg,23736,0
leaf workshop/MANGO/Green mango/WIN_20230323_14_58_55_Pro_jpg.rf.05d1aaaed13683c4ff8a64369ab76ccc.jpg,mango,Green mango,Green mango,WIN_20230323_14_58_55_Pro_jpg.rf.05d1aaaed13683c4ff8a64369ab76ccc.jpg,21029,0
leaf workshop/MANGO/Green mango/9-2-_jpg.rf.c4a6257628ea7a2bd493c12dde5d1bde.jpg,mango,Green mango,Green mango,9-2-_jpg.rf.c4a6257628ea7a2bd493c12dde5d1bde.jpg,21617,0
leaf workshop/MANGO/Yellow mango/cdf786196836cb73c8d7fe418403d42a_jpg.rf.7e754d64cfa1feb57680c3d2c28849ea.jpg,mango,Yellow mango,Yellow mango,cdf786196836cb73c8d7fe418403d42a_jpg.rf.7e754d64cfa1feb57680c3d2c28849ea.jpg,14632,2
leaf workshop/MANGO/Rotten Mango/20230305_062055869_iOS_jpg.rf.d3af236cf80a9c11c465736e4a1e3791.jpg,mango,Rotten Mango,Rotten Mango,20230305_062055869_iOS_jpg.rf.d3af236cf80a9c11c465736e4a1e3791.jpg,22217,1
leaf workshop/MANGO/Green mango/WIN_20230323_14_19_08_Pro_jpg.rf.5daa0846564ce52391298006ded1b14d.jpg,mango,Green mango,Green mango,WIN_20230323_14_19_08_Pro_jpg.rf.5daa0846564ce52391298006ded1b14d.jpg,23303,0
leaf workshop/MANGO/Yellow mango/-2_jpg.rf.0cbd05bbc33b614beb4e24e14ebac2f2.jpg,mango,Yellow mango,Yellow mango,-2_jpg.rf.0cbd05bbc33b614beb4e24e14ebac2f2.jpg,25669,2
leaf workshop/MANGO/Rotten Mango/14-9-Copy_png_jpg.rf.4c0bab25a6de2e4bcab9f113e5630ff3.jpg,mango,Rotten Mango,Rotten Mango,14-9-Copy_png_jpg.rf.4c0bab25a6de2e4bcab9f113e5630ff3.jpg,18613,1
leaf workshop/MANGO/Green mango/WIN_20230323_14_27_24_Pro_jpg.rf.c29ef5debd834b3c5f1c8fa7f9ffd728.jpg,mango,Green mango,Green mango,WIN_20230323_14_27_24_Pro_jpg.rf.c29ef5debd834b3c5f1c8fa7f9ffd728.jpg,22112,0
leaf workshop/MANGO/Rotten Mango/20230305_061203751_iOS_jpg.rf.94106cb246686e884de1c6332c58d329.jpg,mango,Rotten Mango,Rotten Mango,20230305_061203751_iOS_jpg.rf.94106cb246686e884de1c6332c58d329.jpg,24051,1
leaf workshop/MANGO/Green mango/IMG_89_jpg.rf.434308c5e8f5cf90e70ebe57f7f7278d.jpg,mango,Green mango,Green mango,IMG_89_jpg.rf.434308c5e8f5cf90e70ebe57f7f7278d.jpg,13044,0
leaf workshop/MANGO/Rotten Mango/20230305_062143064_iOS_jpg.rf.62ca9ccde29e79947aeb0e12fd96f5ce.jpg,mango,Rotten Mango,Rotten Mango,20230305_062143064_iOS_jpg.rf.62ca9ccde29e79947aeb0e12fd96f5ce.jpg,18285,1
leaf workshop/MANGO/Yellow mango/-_jpg.rf.51d041310273831f2b6cd28e0eadca09.jpg,mango,Yellow mango,Yellow mango,-_jpg.rf.51d041310273831f2b6cd28e0eadca09.jpg,9309,2
leaf workshop/MANGO/Yellow mango/20230305_052140346_iOS_jpg.rf.b6e2e274a27361d3ea48f53371076e51.jpg,mango,Yellow mango,Yellow mango,20230305_052140346_iOS_jpg.rf.b6e2e274a27361d3ea48f53371076e51.jpg,21583,2
leaf workshop/MANGO/Yellow mango/20230305_052122103_iOS_jpg.rf.61ea5d95d0faf78fccec6c524a8dd826.jpg,mango,Yellow mango,Yellow mango,20230305_052122103_iOS_jpg.rf.61ea5d95d0faf78fccec6c524a8dd826.jpg,21787,2
leaf workshop/MANGO/Green mango/WIN_20230323_14_08_01_Pro_jpg.rf.4698db08e80f810a64df53aab646cb62.jpg,mango,Green mango,Green mango,WIN_20230323_14_08_01_Pro_jpg.rf.4698db08e80f810a64df53aab646cb62.jpg,22275,0
leaf workshop/MANGO/Rotten Mango/d2ad59239a7f2e38da17b66c7c99dda22cbecd9d_jpeg_jpg.rf.d4f18c59bb5305124673b9b91fca0142.jpg,mango,Rotten Mango,Rotten Mango,d2ad59239a7f2e38da17b66c7c99dda22cbecd9d_jpeg_jpg.rf.d4f18c59bb5305124673b9b91fca0142.jpg,28839,1
leaf workshop/MANGO/Green mango/WIN_20230323_15_00_58_Pro_jpg.rf.3e9de64b808af958887addaf7fd04d96.jpg,mango,Green mango,Green mango,WIN_20230323_15_00_58_Pro_jpg.rf.3e9de64b808af958887addaf7fd04d96.jpg,22386,0
leaf workshop/MANGO/Rotten Mango/20230305_062121239_iOS_jpg.rf.53b00254ff7625ce6f84912b2d864619.jpg,mango,Rotten Mango,Rotten Mango,20230305_062121239_iOS_jpg.rf.53b00254ff7625ce6f84912b2d864619.jpg,21718,1
leaf workshop/MANGO/Green mango/WIN_20230323_14_42_58_Pro_jpg.rf.193161afad1a3be8d39dd91e79233bbe.jpg,mango,Green mango,Green mango,WIN_20230323_14_42_58_Pro_jpg.rf.193161afad1a3be8d39dd91e79233bbe.jpg,23871,0
leaf workshop/MANGO/Rotten Mango/20230305_061206844_iOS_jpg.rf.5e0b2dd191570dc96a27eb0f745cdaec.jpg,mango,Rotten Mango,Rotten Mango,20230305_061206844_iOS_jpg.rf.5e0b2dd191570dc96a27eb0f745cdaec.jpg,27811,1
leaf workshop/MANGO/Rotten Mango/download-1-_jpg.rf.b950133774b5172663ba43930c4336ac.jpg,mango,Rotten Mango,Rotten Mango,download-1-_jpg.rf.b950133774b5172663ba43930c4336ac.jpg,14403,1
leaf workshop/MANGO/Rotten Mango/20230305_062055869_iOS_jpg.rf.9cca1d003bd858139559418d84f66b52.jpg,mango,Rotten Mango,Rotten Mango,20230305_062055869_iOS_jpg.rf.9cca1d003bd858139559418d84f66b52.jpg,21152,1
leaf workshop/MANGO/Rotten Mango/20230305_061240373_iOS_jpg.rf.0690dee2dbe3bacf02e2bec1d2c17ba7.jpg,mango,Rotten Mango,Rotten Mango,20230305_061240373_iOS_jpg.rf.0690dee2dbe3bacf02e2bec1d2c17ba7.jpg,23334,1
leaf workshop/MANGO/Yellow mango/d4e83da71d56ea72f49721d7a38b077f_jpg.rf.fc13c1678df529a46de912ae15ae3cc8.jpg,mango,Yellow mango,Yellow mango,d4e83da71d56ea72f49721d7a38b077f_jpg.rf.fc13c1678df529a46de912ae15ae3cc8.jpg,36883,2
leaf workshop/MANGO/Green mango/WIN_20230323_14_31_29_Pro_jpg.rf.f36229c5afd13fc860d42bac82475f3e.jpg,mango,Green mango,Green mango,WIN_20230323_14_31_29_Pro_jpg.rf.f36229c5afd13fc860d42bac82475f3e.jpg,21010,0
leaf workshop/MANGO/Green mango/WIN_20230323_14_29_57_Pro_jpg.rf.a3732750084c5818579a6d3d92ffa3a5.jpg,mango,Green mango,Green mango,WIN_20230323_14_29_57_Pro_jpg.rf.a3732750084c5818579a6d3d92ffa3a5.jpg,23545,0
leaf workshop/MANGO/Yellow mango/20230305_052117770_iOS_jpg.rf.b77f31017b093b5df7c6b4e928e2153d.jpg,mango,Yellow mango,Yellow mango,20230305_052117770_iOS_jpg.rf.b77f31017b093b5df7c6b4e928e2153d.jpg,21027,2
leaf workshop/MANGO/Yellow mango/04658da757a7beb5462ef567b57e0c9a_jpg.rf.adb5911ce653a5bfa9215e0dc08c120a.jpg,mango,Yellow mango,Yellow mango,04658da757a7beb5462ef567b57e0c9a_jpg.rf.adb5911ce653a5bfa9215e0dc08c120a.jpg,21369,2
leaf workshop/MANGO/Green mango/WIN_20230323_14_54_29_Pro_jpg.rf.e47015d25a300bfaa16debd100e48679.jpg,mango,Green mango,Green mango,WIN_20230323_14_54_29_Pro_jpg.rf.e47015d25a300bfaa16debd100e48679.jpg,22683,0
leaf workshop/MANGO/Rotten Mango/20230305_061055587_iOS_jpg.rf.3bd2ec5353fb2b7f2c4712b100e68551.jpg,mango,Rotten Mango,Rotten Mango,20230305_061055587_iOS_jpg.rf.3bd2ec5353fb2b7f2c4712b100e68551.jpg,24389,1
leaf workshop/MANGO/Yellow mango/20230305_052136425_iOS_jpg.rf.1bbe0ebcc220b89de3162d08fcd211d3.jpg,mango,Yellow mango,Yellow mango,20230305_052136425_iOS_jpg.rf.1bbe0ebcc220b89de3162d08fcd211d3.jpg,18775,2
leaf workshop/MANGO/Green mango/WIN_20230323_15_01_47_Pro_jpg.rf.b858b8348ee9d16a68b26d2c38f4d3a1.jpg,mango,Green mango,Green mango,WIN_20230323_15_01_47_Pro_jpg.rf.b858b8348ee9d16a68b26d2c38f4d3a1.jpg,23198,0
leaf workshop/MANGO/Yellow mango/20230305_052201162_iOS_jpg.rf.4f8ec4d97ce585a16bd1d3b39b04c491.jpg,mango,Yellow mango,Yellow mango,20230305_052201162_iOS_jpg.rf.4f8ec4d97ce585a16bd1d3b39b04c491.jpg,23788,2
leaf workshop/MANGO/Green mango/IMG_128_jpg.rf.351f0bf2ec8146b811bc201790c25b5a.jpg,mango,Green mango,Green mango,IMG_128_jpg.rf.351f0bf2ec8146b811bc201790c25b5a.jpg,16027,0
leaf workshop/MANGO/Yellow mango/20230305_052208801_iOS_jpg.rf.16281be3040de8d37096264f578fa8d0.jpg,mango,Yellow mango,Yellow mango,20230305_052208801_iOS_jpg.rf.16281be3040de8d37096264f578fa8d0.jpg,22390,2
leaf workshop/MANGO/Green mango/IMG_73_jpg.rf.f4646f34ae10b09fddf0dcc2a6078c19.jpg,mango,Green mango,Green mango,IMG_73_jpg.rf.f4646f34ae10b09fddf0dcc2a6078c19.jpg,19463,0
leaf workshop/MANGO/Green mango/IMG_108_jpg.rf.fd97ca7b0c8ba304af06654f6c3cf9ea.jpg,mango,Green mango,Green mango,IMG_108_jpg.rf.fd97ca7b0c8ba304af06654f6c3cf9ea.jpg,17882,0
leaf workshop/MANGO/Rotten Mango/17351997_1828554014084359_4386904991537166992_n_jpg.rf.9e075dcf0ad2e8cb7288fa3d1ab6121b.jpg,mango,Rotten Mango,Rotten Mango,17351997_1828554014084359_4386904991537166992_n_jpg.rf.9e075dcf0ad2e8cb7288fa3d1ab6121b.jpg,30793,1
leaf workshop/MANGO/Green mango/WIN_20230323_14_31_36_Pro_jpg.rf.b31c7a5cac8bfe4b2113749d6645236d.jpg,mango,Green mango,Green mango,WIN_20230323_14_31_36_Pro_jpg.rf.b31c7a5cac8bfe4b2113749d6645236d.jpg,21794,0
leaf workshop/MANGO/Yellow mango/20230305_052140346_iOS_jpg.rf.0fb299a18aef29d5ddb3a921b65cc652.jpg,mango,Yellow mango,Yellow mango,20230305_052140346_iOS_jpg.rf.0fb299a18aef29d5ddb3a921b65cc652.jpg,21616,2
leaf workshop/MANGO/Green mango/WIN_20230323_14_33_52_Pro_jpg.rf.01d9870043cb2e05d51b0cfc697edbe6.jpg,mango,Green mango,Green mango,WIN_20230323_14_33_52_Pro_jpg.rf.01d9870043cb2e05d51b0cfc697edbe6.jpg,21591,0
leaf workshop/MANGO/Rotten Mango/115_jpg.rf.ac364ace3f4a3e61df5e902eee28e50a.jpg,mango,Rotten Mango,Rotten Mango,115_jpg.rf.ac364ace3f4a3e61df5e902eee28e50a.jpg,14692,1
leaf workshop/MANGO/Yellow mango/04658da757a7beb5462ef567b57e0c9a_jpg.rf.c6c27629b01f36b64be58b809de849ad.jpg,mango,Yellow mango,Yellow mango,04658da757a7beb5462ef567b57e0c9a_jpg.rf.c6c27629b01f36b64be58b809de849ad.jpg,24686,2
leaf workshop/MANGO/Green mango/WIN_20230323_14_22_57_Pro_jpg.rf.a42cbb8c2b4cab981ef845bee06f4fee.jpg,mango,Green mango,Green mango,WIN_20230323_14_22_57_Pro_jpg.rf.a42cbb8c2b4cab981ef845bee06f4fee.jpg,22227,0
leaf workshop/MANGO/Green mango/WIN_20230323_14_10_25_Pro_jpg.rf.4675e4fd83b6c6418401bf98d4fa8f92.jpg,mango,Green mango,Green mango,WIN_20230323_14_10_25_Pro_jpg.rf.4675e4fd83b6c6418401bf98d4fa8f92.jpg,24075,0
leaf workshop/MANGO/Rotten Mango/20230305_062100339_iOS_jpg.rf.090f1ede59353699a06f313e190bf36f.jpg,mango,Rotten Mango,Rotten Mango,20230305_062100339_iOS_jpg.rf.090f1ede59353699a06f313e190bf36f.jpg,23199,1
leaf workshop/MANGO/Yellow mango/cdf786196836cb73c8d7fe418403d42a_jpg.rf.c852c11a66a5fbbca38c391500777c8e.jpg,mango,Yellow mango,Yellow mango,cdf786196836cb73c8d7fe418403d42a_jpg.rf.c852c11a66a5fbbca38c391500777c8e.jpg,13308,2
leaf workshop/MANGO/Rotten Mango/20230305_061243438_iOS_jpg.rf.0bd6d523c0a0ed555ca35d7a00cf4bdd.jpg,mango,Rotten Mango,Rotten Mango,20230305_061243438_iOS_jpg.rf.0bd6d523c0a0ed555ca35d7a00cf4bdd.jpg,21238,1
leaf workshop/MANGO/Rotten Mango/20230305_061043200_iOS_jpg.rf.47ec98f08f5348e6a1788c5375db5f09.jpg,mango,Rotten Mango,Rotten Mango,20230305_061043200_iOS_jpg.rf.47ec98f08f5348e6a1788c5375db5f09.jpg,22479,1
leaf workshop/MANGO/Green mango/IMG_124_jpg.rf.efd455c55699aa3ee92f6457a2ff13df.jpg,mango,Green mango,Green mango,IMG_124_jpg.rf.efd455c55699aa3ee92f6457a2ff13df.jpg,18541,0
leaf workshop/MANGO/Rotten Mango/20230305_062109619_iOS_jpg.rf.7551e0b7c870b8d06eb936c76ca9a39e.jpg,mango,Rotten Mango,Rotten Mango,20230305_062109619_iOS_jpg.rf.7551e0b7c870b8d06eb936c76ca9a39e.jpg,21183,1
leaf workshop/MANGO/Yellow mango/20230305_052111941_iOS_jpg.rf.42b75c0f75636f5075e661c7fa3e5175.jpg,mango,Yellow mango,Yellow mango,20230305_052111941_iOS_jpg.rf.42b75c0f75636f5075e661c7fa3e5175.jpg,19757,2
leaf workshop/MANGO/Rotten Mango/20230305_061206844_iOS_jpg.rf.22883349fea375e7e88d62020a220fbe.jpg,mango,Rotten Mango,Rotten Mango,20230305_061206844_iOS_jpg.rf.22883349fea375e7e88d62020a220fbe.jpg,26642,1
leaf workshop/MANGO/Yellow mango/20230305_052221196_iOS_jpg.rf.294283ac995141becb6aaa8bbf9b6cee.jpg,mango,Yellow mango,Yellow mango,20230305_052221196_iOS_jpg.rf.294283ac995141becb6aaa8bbf9b6cee.jpg,23225,2
leaf workshop/MANGO/Green mango/WIN_20230323_13_35_08_Pro_jpg.rf.b9a699c6d36f60187c8503705daf621d.jpg,mango,Green mango,Green mango,WIN_20230323_13_35_08_Pro_jpg.rf.b9a699c6d36f60187c8503705daf621d.jpg,22179,0
leaf workshop/MANGO/Yellow mango/20230305_052122103_iOS_jpg.rf.7332a8fef9950b009f646a0f45c6c11e.jpg,mango,Yellow mango,Yellow mango,20230305_052122103_iOS_jpg.rf.7332a8fef9950b009f646a0f45c6c11e.jpg,22875,2
leaf workshop/MANGO/Yellow mango/20230305_052206241_iOS_jpg.rf.75e06e9320cf20d219a02783d73d4eb6.jpg,mango,Yellow mango,Yellow mango,20230305_052206241_iOS_jpg.rf.75e06e9320cf20d219a02783d73d4eb6.jpg,21629,2
leaf workshop/MANGO/Green mango/WIN_20230323_14_10_19_Pro_jpg.rf.7091e6f57c2cffd0be0d0b1a52df5185.jpg,mango,Green mango,Green mango,WIN_20230323_14_10_19_Pro_jpg.rf.7091e6f57c2cffd0be0d0b1a52df5185.jpg,23908,0
leaf workshop/MANGO/Rotten Mango/20230305_061238189_iOS_jpg.rf.8364725b5b2aa9daca60be70470ede47.jpg,mango,Rotten Mango,Rotten Mango,20230305_061238189_iOS_jpg.rf.8364725b5b2aa9daca60be70470ede47.jpg,23433,1
leaf workshop/MANGO/Green mango/WIN_20230323_14_20_56_Pro_jpg.rf.ba77448dbe1ec37e80d88f70fb0a53f6.jpg,mango,Green mango,Green mango,WIN_20230323_14_20_56_Pro_jpg.rf.ba77448dbe1ec37e80d88f70fb0a53f6.jpg,21533,0
leaf workshop/MANGO/Green mango/WIN_20230323_14_45_25_Pro_jpg.rf.4b75e7d08c207dcfd6b4837d7a8e328f.jpg,mango,Green mango,Green mango,WIN_20230323_14_45_25_Pro_jpg.rf.4b75e7d08c207dcfd6b4837d7a8e328f.jpg,23670,0
leaf workshop/MANGO/Green mango/WIN_20230323_14_05_18_Pro_jpg.rf.5489c991aaa3da591c94f686145cd5c0.jpg,mango,Green mango,Green mango,WIN_20230323_14_05_18_Pro_jpg.rf.5489c991aaa3da591c94f686145cd5c0.jpg,22471,0
leaf workshop/MANGO/Rotten Mango/17351997_1828554014084359_4386904991537166992_n_jpg.rf.1dacc4f82c06664b7c011a1fe25daa06.jpg,mango,Rotten Mango,Rotten Mango,17351997_1828554014084359_4386904991537166992_n_jpg.rf.1dacc4f82c06664b7c011a1fe25daa06.jpg,31927,1
leaf workshop/MANGO/Rotten Mango/20230305_062044095_iOS_jpg.rf.c12811ba4208796ec250a999519c6c7e.jpg,mango,Rotten Mango,Rotten Mango,20230305_062044095_iOS_jpg.rf.c12811ba4208796ec250a999519c6c7e.jpg,22282,1
leaf workshop/MANGO/Rotten Mango/14-3-Copy_png_jpg.rf.53b82b8cf606310a616dffb80b780620.jpg,mango,Rotten Mango,Rotten Mango,14-3-Copy_png_jpg.rf.53b82b8cf606310a616dffb80b780620.jpg,18527,1
leaf workshop/MANGO/Yellow mango/image-1580269828593_jpg.rf.f11a998ba7f2dd150af446960aa6ce17.jpg,mango,Yellow mango,Yellow mango,image-1580269828593_jpg.rf.f11a998ba7f2dd150af446960aa6ce17.jpg,9180,2
leaf workshop/MANGO/Yellow mango/image-1580269828593_jpg.rf.460e7535415f171d257ba0c66aef8645.jpg,mango,Yellow mango,Yellow mango,image-1580269828593_jpg.rf.460e7535415f171d257ba0c66aef8645.jpg,9710,2
leaf workshop/MANGO/Green mango/WIN_20230323_14_59_03_Pro_jpg.rf.3b8e1a9f77749ad2424f2bd434c65ffd.jpg,mango,Green mango,Green mango,WIN_20230323_14_59_03_Pro_jpg.rf.3b8e1a9f77749ad2424f2bd434c65ffd.jpg,23365,0
leaf workshop/MANGO/Rotten Mango/132_jpg.rf.b7bd5a48d2948883e22d46b72e286c7c.jpg,mango,Rotten Mango,Rotten Mango,132_jpg.rf.b7bd5a48d2948883e22d46b72e286c7c.jpg,15920,1
leaf workshop/MANGO/Yellow mango/adb7aa846c03aa1d37d4e044213acc50_jpg.rf.e01eede02b68c5cdff27bb178a2c00a5.jpg,mango,Yellow mango,Yellow mango,adb7aa846c03aa1d37d4e044213acc50_jpg.rf.e01eede02b68c5cdff27bb178a2c00a5.jpg,21834,2
leaf workshop/MANGO/Green mango/IMG_82_jpg.rf.11a68a34c72673b8967a4cf4eaeb5290.jpg,mango,Green mango,Green mango,IMG_82_jpg.rf.11a68a34c72673b8967a4cf4eaeb5290.jpg,17806,0
leaf workshop/MANGO/Green mango/WIN_20230323_14_46_10_Pro_jpg.rf.bc72021d559fb2b7e4c3d99b650a3aff.jpg,mango,Green mango,Green mango,WIN_20230323_14_46_10_Pro_jpg.rf.bc72021d559fb2b7e4c3d99b650a3aff.jpg,21698,0
leaf workshop/MANGO/Yellow mango/d4e83da71d56ea72f49721d7a38b077f_jpg.rf.4c10b9089ce78e90bf66d3481ccb7b59.jpg,mango,Yellow mango,Yellow mango,d4e83da71d56ea72f49721d7a38b077f_jpg.rf.4c10b9089ce78e90bf66d3481ccb7b59.jpg,38589,2
leaf workshop/MANGO/Green mango/IMG_104_jpg.rf.694298afe24fb27a718ac4f8ef6c036b.jpg,mango,Green mango,Green mango,IMG_104_jpg.rf.694298afe24fb27a718ac4f8ef6c036b.jpg,15680,0
leaf workshop/MANGO/Green mango/IMG_132_jpg.rf.a1f728d26e1ba8a2f7b32a3e87cbc144.jpg,mango,Green mango,Green mango,IMG_132_jpg.rf.a1f728d26e1ba8a2f7b32a3e87cbc144.jpg,22729,0
leaf workshop/MANGO/Yellow mango/20230305_052239382_iOS_jpg.rf.c3ef4302e910d63eab2a40ae5d3e78cd.jpg,mango,Yellow mango,Yellow mango,20230305_052239382_iOS_jpg.rf.c3ef4302e910d63eab2a40ae5d3e78cd.jpg,23646,2
leaf workshop/MANGO/Rotten Mango/14-3-Copy_png_jpg.rf.e8d53e6a6baf22ffb2d4179dc8bd27b9.jpg,mango,Rotten Mango,Rotten Mango,14-3-Copy_png_jpg.rf.e8d53e6a6baf22ffb2d4179dc8bd27b9.jpg,20588,1
leaf workshop/MANGO/Green mango/WIN_20230323_14_11_17_Pro_jpg.rf.384addd8d29e36762ccf0800efd9a8fb.jpg,mango,Green mango,Green mango,WIN_20230323_14_11_17_Pro_jpg.rf.384addd8d29e36762ccf0800efd9a8fb.jpg,23471,0
leaf workshop/MANGO/Rotten Mango/20230305_061203751_iOS_jpg.rf.111d0c1a264cd26a785d669927651d1f.jpg,mango,Rotten Mango,Rotten Mango,20230305_061203751_iOS_jpg.rf.111d0c1a264cd26a785d669927651d1f.jpg,25673,1
leaf workshop/MANGO/Green mango/WIN_20230323_14_35_49_Pro_jpg.rf.2f819fd2a84907c31ef91a934e9846ee.jpg,mango,Green mango,Green mango,WIN_20230323_14_35_49_Pro_jpg.rf.2f819fd2a84907c31ef91a934e9846ee.jpg,21798,0
leaf workshop/MANGO/Rotten Mango/20230305_062047379_iOS_jpg.rf.5ed0b762d2bfe66b44b39125ffad95bf.jpg,mango,Rotten Mango,Rotten Mango,20230305_062047379_iOS_jpg.rf.5ed0b762d2bfe66b44b39125ffad95bf.jpg,23162,1
leaf workshop/MANGO/Rotten Mango/mango-fruit-disease-post-harvest-damage-fungi-89134149_jpg.rf.a40156fafa8332d589339e07009506a1.jpg,mango,Rotten Mango,Rotten Mango,mango-fruit-disease-post-harvest-damage-fungi-89134149_jpg.rf.a40156fafa8332d589339e07009506a1.jpg,27181,1
leaf workshop/MANGO/Green mango/WIN_20230323_14_00_29_Pro_jpg.rf.5eeb46ade5838c6fe4a9a00c9c3ef00a.jpg,mango,Green mango,Green mango,WIN_20230323_14_00_29_Pro_jpg.rf.5eeb46ade5838c6fe4a9a00c9c3ef00a.jpg,23378,0
leaf workshop/MANGO/Yellow mango/cfb579f83ca702892a0c3d83ad9f06da_jpg.rf.9cb915b9353c2483f581ffbf34fdb9a7.jpg,mango,Yellow mango,Yellow mango,cfb579f83ca702892a0c3d83ad9f06da_jpg.rf.9cb915b9353c2483f581ffbf34fdb9a7.jpg,10391,2
leaf workshop/MANGO/Yellow mango/20230305_052242260_iOS_jpg.rf.43568851079e5e47a7f636f6c75159fc.jpg,mango,Yellow mango,Yellow mango,20230305_052242260_iOS_jpg.rf.43568851079e5e47a7f636f6c75159fc.jpg,23456,2
leaf workshop/MANGO/Rotten Mango/20230305_061243438_iOS_jpg.rf.a4b547a948ea6d9a96591caca474090d.jpg,mango,Rotten Mango,Rotten Mango,20230305_061243438_iOS_jpg.rf.a4b547a948ea6d9a96591caca474090d.jpg,19645,1
leaf workshop/MANGO/Yellow mango/20230305_052203690_iOS_jpg.rf.a3e40957766f81607078b23de22e99d5.jpg,mango,Yellow mango,Yellow mango,20230305_052203690_iOS_jpg.rf.a3e40957766f81607078b23de22e99d5.jpg,22275,2
leaf workshop/MANGO/Rotten Mango/20230305_062050410_iOS_jpg.rf.1767a90b4447a598347ed17d77887b20.jpg,mango,Rotten Mango,Rotten Mango,20230305_062050410_iOS_jpg.rf.1767a90b4447a598347ed17d77887b20.jpg,21146,1
leaf workshop/MANGO/Yellow mango/img_6253ba0fd5728_jpg.rf.46df45b4eafaa26f421d6d9d0da722df.jpg,mango,Yellow mango,Yellow mango,img_6253ba0fd5728_jpg.rf.46df45b4eafaa26f421d6d9d0da722df.jpg,26680,2
leaf workshop/MANGO/Yellow mango/20230305_052232301_iOS_jpg.rf.6c35f7e903e9d109bf2c7981eb57b97a.jpg,mango,Yellow mango,Yellow mango,20230305_052232301_iOS_jpg.rf.6c35f7e903e9d109bf2c7981eb57b97a.jpg,20932,2
leaf workshop/MANGO/Rotten Mango/mango-fruit-disease-post-harvest-damage-fungi-89134149_jpg.rf.2a2f88ae2aae2a1870368cb13fac81b7.jpg,mango,Rotten Mango,Rotten Mango,mango-fruit-disease-post-harvest-damage-fungi-89134149_jpg.rf.2a2f88ae2aae2a1870368cb13fac81b7.jpg,30721,1
leaf workshop/MANGO/Yellow mango/20230305_052144199_iOS_jpg.rf.03f57bcd507d0f416f2d398138d7eb5d.jpg,mango,Yellow mango,Yellow mango,20230305_052144199_iOS_jpg.rf.03f57bcd507d0f416f2d398138d7eb5d.jpg,20093,2
leaf workshop/MANGO/Yellow mango/image-1580269828593_jpg.rf.f0b73be5f8c13fc8900174e25edf9bac.jpg,mango,Yellow mango,Yellow mango,image-1580269828593_jpg.rf.f0b73be5f8c13fc8900174e25edf9bac.jpg,14550,2
leaf workshop/MANGO/Rotten Mango/13-1-Copy-2-Copy_jpg.rf.b71f316632ef4957be09b0d15e197258.jpg,mango,Rotten Mango,Rotten Mango,13-1-Copy-2-Copy_jpg.rf.b71f316632ef4957be09b0d15e197258.jpg,16804,1
leaf workshop/MANGO/Yellow mango/20230305_052117770_iOS_jpg.rf.1a0b45bdd33effd8068e0f0f9f4941b9.jpg,mango,Yellow mango,Yellow mango,20230305_052117770_iOS_jpg.rf.1a0b45bdd33effd8068e0f0f9f4941b9.jpg,20058,2
leaf workshop/MANGO/Yellow mango/20230305_052215902_iOS_jpg.rf.7eb07d44d83774b9a1ea800d8ec4d930.jpg,mango,Yellow mango,Yellow mango,20230305_052215902_iOS_jpg.rf.7eb07d44d83774b9a1ea800d8ec4d930.jpg,19608,2
leaf workshop/MANGO/Green mango/IMG_20230116_105234_jpg.rf.f9d66efcd2c3ba0dbcae43b429e8d62f.jpg,mango,Green mango,Green mango,IMG_20230116_105234_jpg.rf.f9d66efcd2c3ba0dbcae43b429e8d62f.jpg,14755,0
leaf workshop/MANGO/Yellow mango/20230305_052042825_iOS_jpg.rf.351ef351767bf7908d9b242addfdc2d0.jpg,mango,Yellow mango,Yellow mango,20230305_052042825_iOS_jpg.rf.351ef351767bf7908d9b242addfdc2d0.jpg,20653,2
leaf workshop/MANGO/Yellow mango/20230305_052057497_iOS_jpg.rf.4959c4da0faae0c766e7b6fd3f10069f.jpg,mango,Yellow mango,Yellow mango,20230305_052057497_iOS_jpg.rf.4959c4da0faae0c766e7b6fd3f10069f.jpg,18839,2
leaf workshop/MANGO/Yellow mango/20230305_052221196_iOS_jpg.rf.71771d4c4de52918b30d267566988cba.jpg,mango,Yellow mango,Yellow mango,20230305_052221196_iOS_jpg.rf.71771d4c4de52918b30d267566988cba.jpg,17397,2
leaf workshop/MANGO/Green mango/WIN_20230323_14_08_21_Pro_jpg.rf.be5528fdba0012b718168ce555da4120.jpg,mango,Green mango,Green mango,WIN_20230323_14_08_21_Pro_jpg.rf.be5528fdba0012b718168ce555da4120.jpg,21256,0
leaf workshop/MANGO/Green mango/WIN_20230323_15_00_33_Pro_jpg.rf.66161d448bbc7c542a31e4f193a8999e.jpg,mango,Green mango,Green mango,WIN_20230323_15_00_33_Pro_jpg.rf.66161d448bbc7c542a31e4f193a8999e.jpg,23022,0
leaf workshop/MANGO/Yellow mango/20230305_052029023_iOS_jpg.rf.d5b39dc868251bb210d88a1812678ae6.jpg,mango,Yellow mango,Yellow mango,20230305_052029023_iOS_jpg.rf.d5b39dc868251bb210d88a1812678ae6.jpg,18502,2
leaf workshop/MANGO/Green mango/WIN_20230323_14_55_10_Pro_jpg.rf.bd6836e2b1b07e321dda01c56ef141b2.jpg,mango,Green mango,Green mango,WIN_20230323_14_55_10_Pro_jpg.rf.bd6836e2b1b07e321dda01c56ef141b2.jpg,21841,0
leaf workshop/MANGO/Yellow mango/20230305_052144199_iOS_jpg.rf.e14f1b5d320eb28ad813df86c163aba0.jpg,mango,Yellow mango,Yellow mango,20230305_052144199_iOS_jpg.rf.e14f1b5d320eb28ad813df86c163aba0.jpg,21262,2
leaf workshop/MANGO/Green mango/WIN_20230323_14_24_58_Pro_jpg.rf.05bc815b19a8cef195dd5eae6f9aa2d3.jpg,mango,Green mango,Green mango,WIN_20230323_14_24_58_Pro_jpg.rf.05bc815b19a8cef195dd5eae6f9aa2d3.jpg,21494,0
leaf workshop/MANGO/Rotten Mango/13-10-Copy-2-_jpg.rf.079ed829cd322d8c3aaefcbb9c2dc051.jpg,mango,Rotten Mango,Rotten Mango,13-10-Copy-2-_jpg.rf.079ed829cd322d8c3aaefcbb9c2dc051.jpg,16667,1
leaf workshop/MANGO/Rotten Mango/3a98f107b7191ffc981a62be154fa1f98a70c17c_2_375x500_jpeg_jpg.rf.833b707d835f10c685fbaaea2ca5cafa.jpg,mango,Rotten Mango,Rotten Mango,3a98f107b7191ffc981a62be154fa1f98a70c17c_2_375x500_jpeg_jpg.rf.833b707d835f10c685fbaaea2ca5cafa.jpg,31673,1
leaf workshop/MANGO/Rotten Mango/14-10-Copy_png_jpg.rf.07b76407a9328a7beb16d94d1932063c.jpg,mango,Rotten Mango,Rotten Mango,14-10-Copy_png_jpg.rf.07b76407a9328a7beb16d94d1932063c.jpg,18661,1
leaf workshop/MANGO/Rotten Mango/1260664_1_jpg.rf.b49b0a43e85710b08367c70d48087969.jpg,mango,Rotten Mango,Rotten Mango,1260664_1_jpg.rf.b49b0a43e85710b08367c70d48087969.jpg,35970,1
leaf workshop/MANGO/Yellow mango/cdf786196836cb73c8d7fe418403d42a_jpg.rf.70adc3e40b945cdc85c58643334f97b9.jpg,mango,Yellow mango,Yellow mango,cdf786196836cb73c8d7fe418403d42a_jpg.rf.70adc3e40b945cdc85c58643334f97b9.jpg,13917,2
leaf workshop/MANGO/Green mango/WIN_20230323_14_20_24_Pro_jpg.rf.be01b25add27bca9972ab61ef768c71d.jpg,mango,Green mango,Green mango,WIN_20230323_14_20_24_Pro_jpg.rf.be01b25add27bca9972ab61ef768c71d.jpg,23648,0
leaf workshop/MANGO/Rotten Mango/25790876_303614783461172_7784493997763886789_o_png_jpg.rf.b157fccead0df9bc0b99d92f2ac22ccc.jpg,mango,Rotten Mango,Rotten Mango,25790876_303614783461172_7784493997763886789_o_png_jpg.rf.b157fccead0df9bc0b99d92f2ac22ccc.jpg,15638,1
leaf workshop/MANGO/Green mango/WIN_20230323_14_18_55_Pro_jpg.rf.f4ac82795d6c2042b281a98da6c04529.jpg,mango,Green mango,Green mango,WIN_20230323_14_18_55_Pro_jpg.rf.f4ac82795d6c2042b281a98da6c04529.jpg,22779,0
leaf workshop/MANGO/Yellow mango/20230305_052242260_iOS_jpg.rf.6f4dfd45eccc62170cba45bd693d831e.jpg,mango,Yellow mango,Yellow mango,20230305_052242260_iOS_jpg.rf.6f4dfd45eccc62170cba45bd693d831e.jpg,22890,2
leaf workshop/MANGO/Yellow mango/20230305_052144199_iOS_jpg.rf.b280df86ad62739199002b7d2441f5ee.jpg,mango,Yellow mango,Yellow mango,20230305_052144199_iOS_jpg.rf.b280df86ad62739199002b7d2441f5ee.jpg,21858,2
leaf workshop/MANGO/Green mango/WIN_20230323_14_40_13_Pro_jpg.rf.b29955bc8952fa62c3bfd06137d771d6.jpg,mango,Green mango,Green mango,WIN_20230323_14_40_13_Pro_jpg.rf.b29955bc8952fa62c3bfd06137d771d6.jpg,22212,0
leaf workshop/MANGO/Yellow mango/20230305_052239382_iOS_jpg.rf.2267ef6acafc96fcbe374eb1ad5f6691.jpg,mango,Yellow mango,Yellow mango,20230305_052239382_iOS_jpg.rf.2267ef6acafc96fcbe374eb1ad5f6691.jpg,23465,2
leaf workshop/MANGO/Rotten Mango/14-7-Copy_png_jpg.rf.eaf723c9282d16927999943b3bc23626.jpg,mango,Rotten Mango,Rotten Mango,14-7-Copy_png_jpg.rf.eaf723c9282d16927999943b3bc23626.jpg,17006,1
leaf workshop/MANGO/Rotten Mango/20230305_062050410_iOS_jpg.rf.c5825bd0cb80888062ccd5718504e585.jpg,mango,Rotten Mango,Rotten Mango,20230305_062050410_iOS_jpg.rf.c5825bd0cb80888062ccd5718504e585.jpg,21585,1
leaf workshop/MANGO/Green mango/IMG_101_jpg.rf.ff6e3f7c22265aee0e21b0f617b0e60d.jpg,mango,Green mango,Green mango,IMG_101_jpg.rf.ff6e3f7c22265aee0e21b0f617b0e60d.jpg,16639,0
leaf workshop/MANGO/Yellow mango/20230305_052228604_iOS_jpg.rf.1b037a3cf3be4e043320e65031969801.jpg,mango,Yellow mango,Yellow mango,20230305_052228604_iOS_jpg.rf.1b037a3cf3be4e043320e65031969801.jpg,22268,2
leaf workshop/MANGO/Yellow mango/20230305_052126707_iOS_jpg.rf.af6c0eee3f67661b38c77a9660797046.jpg,mango,Yellow mango,Yellow mango,20230305_052126707_iOS_jpg.rf.af6c0eee3f67661b38c77a9660797046.jpg,19552,2
